{
  "test_r2": 0.8969023917139832,
  "test_rmse_lakhs": 10.35,
  "cv_r2_mean": 0.8909045567346852,
  "full_metrics": {
    "train": {
      "rmse": 1.7149970659797877,
      "mae": 1.280950961923599,
      "r2": 0.9969728796746624
    },
    "test": {
      "rmse": 10.348052443499382,
      "mae": 7.816784540367127,
      "r2": 0.8969023917139832
    }
  }
}