{
  "train": {
    "rmse": 2.457475664566888,
    "mae": 1.8678351308345793,
    "r2": 0.9962928650479747
  },
  "test": {
    "rmse": 11.91747780275339,
    "mae": 8.367921014595032,
    "r2": 0.9078550624120939
  },
  "cv_r2_mean": 0.9058767809334505
}