{
  "test_r2": -6.698007763658145,
  "test_rmse_lakhs": 16.7,
  "cv_r2_mean": 0.4046599333912312,
  "full_metrics": {
    "train": {
      "rmse": 2.3126653433786695,
      "mae": 1.9727272796630875,
      "r2": 0.9895151799530949
    },
    "test": {
      "rmse": 16.696934683703454,
      "mae": 14.503200658162434,
      "r2": -6.698007763658145
    }
  }
}