{
  "test_r2": 0.912663124212211,
  "test_rmse_lakhs": 11.6,
  "cv_r2_mean": 0.9059772775833099,
  "full_metrics": {
    "train": {
      "rmse": 2.4683412439935712,
      "mae": 1.8775786646842954,
      "r2": 0.9962600108325618
    },
    "test": {
      "rmse": 11.60238941442685,
      "mae": 8.193829700279236,
      "r2": 0.912663124212211
    }
  }
}